"Message",Low,"Uruchamianie kompilacji platformy .NET Native"
"Message",Low,""
"Message",Low,""
"Message",Low,"Zadanie „Gatekeeper”"
"Message",Normal,"Launching 'C:\Program Files (x86)\Microsoft SDKs\UWPNuGetPackages\microsoft.net.native.compiler\1.7.6\tools\x86\ilc\Tools\Gatekeeper.exe @""H:\Visual Studio Projects\BMICalculator\BMICalculator\obj\x86\Release\ilc\intermediate\gkargs.rsp""'"
"Message",Low,"Microsoft (R) .NET Native Gatekeeper wersja 1.7.27420.00 "
"Message",Low,"Copyright (C) Microsoft Corporation.  All rights reserved. "
"Message",Low," "
"Message",Low,"Sprawdzanie zestawu ,H:\Visual Studio Projects\BMICalculator\BMICalculator\obj\x86\Release\ilc\in\BMICalculator.exe"". "
"Message",Normal,"'C:\Program Files (x86)\Microsoft SDKs\UWPNuGetPackages\microsoft.net.native.compiler\1.7.6\tools\x86\ilc\Tools\Gatekeeper.exe @""H:\Visual Studio Projects\BMICalculator\BMICalculator\obj\x86\Release\ilc\intermediate\gkargs.rsp""' completed."
"Message",Normal,"Process execution statistics (all times in milliseconds)"
"Message",Normal,"-----------------------------------------------------------------------------"
"Message",Normal,"launch  |  start   |   stop   |   end    | duration | lifetime | [slot] name"
"Message",Normal,"-----------------------------------------------------------------------------"
"Message",Normal,"       0 |        0 |      485 |      485 |      485 |      485 | [0] Gatekeeper"
"Message",Normal,"Number of commands:      1"
"Message",Normal,"Total system time:       485 ms"
"Message",Normal,"System time per command: 485 ms"
"Message",Normal,"Total duration:          485 ms"
"Message",Normal,"Total lifetime:          485 ms"
"Message",Normal,"Requested DOP:           4"
"Message",Normal,"Duration DOP:            1,0"
"Message",Normal,"Lifetime DOP:            1,0"
"Message",Low,"Zakończono wykonywanie zadania „Gatekeeper”."
"Message",Low,"Zakończono kompilowanie celu „RunGatekeeper” w pliku „Preparation”."
"Message",Low,""
"Message",Low,"Zadanie „InjectWindowsRuntimeTypeForwards”"
"Message",Normal,"Running 'InjectWindowsRuntimeTypeForwards' transform, heap at 11 MB."
"Message",Normal,"Running 'WriteAssemblies' transform, heap at 15 MB."
"Message",Normal,""
"Message",Normal,"Transform summary"
"Message",Normal,"    ms | heap delta | name"
"Message",Normal,"   311 |          4 | InjectWindowsRuntimeTypeForwards"
"Message",Normal,"   308 |          1 | WriteAssemblies"
"Message",Low,"Zakończono wykonywanie zadania „InjectWindowsRuntimeTypeForwards”."
"Message",Low,"Zakończono kompilowanie celu „InjectWindowRuntimeTypeForwards” w pliku „Preparation”."
"Message",Low,""
"Message",Low,"Zadanie „PreResolveAssemblyClosure”"
"Message",Low,"Zakończono wykonywanie zadania „PreResolveAssemblyClosure”."
"Message",Low,"Zakończono kompilowanie celu „PreResolveTransforms” w pliku „Preparation”."
"Message",Low,""
"Message",Low,"Zadanie „InitialAssemblyClosure”"
"Message",Low,"Zakończono wykonywanie zadania „InitialAssemblyClosure”."
"Message",Low,"Zadanie „ResolveInitialReferencesAssemblyClosure1”"
"Message",Low,"Zakończono wykonywanie zadania „ResolveInitialReferencesAssemblyClosure1”."
"Message",Low,"Zadanie „ResolveInitialReferencesAssemblyClosure2”"
"Message",Low,"Zakończono wykonywanie zadania „ResolveInitialReferencesAssemblyClosure2”."
"Message",Low,"Zakończono kompilowanie celu „ResolveInitialReferences” w pliku „Preparation”."
"Message",Low,"Zakończono kompilowanie projektu „Preparation”."
"Message",Low,""
"Message",Low,""
"Message",High,"Przetwarzanie kodu aplikacji"
"Message",Low,"Zadanie „ValidateSimpleNames”"
"Message",Low,"Zakończono wykonywanie zadania „ValidateSimpleNames”."
"Message",Low,"Zadanie „McgContractsResolveFilePath”"
"Message",Low,"Zakończono wykonywanie zadania „McgContractsResolveFilePath”."
"Message",Low,"Zadanie „McgFacadeResolveFilePath”"
"Message",Low,"Zakończono wykonywanie zadania „McgFacadeResolveFilePath”."
"Message",Low,"Zadanie „FinalAssemblyClosureRootsResolveFilePaths”"
"Message",Low,"Zakończono wykonywanie zadania „FinalAssemblyClosureRootsResolveFilePaths”."
"Message",Low,"Zadanie „FinalAssemblyClosure”"
"Message",Low,"Zakończono wykonywanie zadania „FinalAssemblyClosure”."
"Message",Low,"Zadanie „RunILTransforms”"
"Message",Normal,"Running 'Analysis' transform, heap at 38 MB."
"Message",Low,"Loading 60 modules..."
"Message",Normal,"Imported reflection directives from 7 files:"
"Message",Normal,"H:\Visual Studio Projects\BMICalculator\BMICalculator\obj\x86\Release\ilc\in\Properties\Default.rd.xml"
"Message",Normal,"Osadzono manifest w System.Diagnostics.Tracing: Resources.System.Diagnostics.Tracing.rd.xml"
"Message",Normal,"Osadzono manifest w System.Private.Reflection: System.Private.Reflection.rd.xml"
"Message",Normal,"Osadzono manifest w System.Private.CoreLib: Resources.System.Private.CoreLib.rd.xml"
"Message",Normal,"Osadzono manifest w System.Private.Uri: Resources.System.Private.Uri.rd.xml"
"Message",Normal,"Osadzono manifest w System.Private.Reflection.Core: System.Private.Reflection.Core.rd.xml"
"Message",Normal,"Osadzono manifest w System.Private.Interop: Resources.System.Private.Interop.rd.xml"
"Message",Normal,"Imported XAML Roots from 1 files:"
"Message",Normal,"H:\Visual Studio Projects\BMICalculator\BMICalculator\obj\x86\Release\ilc\in\BMICalculator.xr.xml"
"Message",Normal,"Running 'Mcg' transform, heap at 157 MB."
"Message",High,"Computing application closure and generating interop code"
"Message",Normal,"  Lista plików lib:"
"Message",Normal,"      WindowsApp.lib"
"Message",Normal,"      winsqlite3.lib"
"Message",Normal,"  Lista ścieżek wyszukiwania plików lib:"
"Message",Normal,"      C:\Program Files (x86)\Windows Kits\10\lib\10.0.15063.0\um\x86"
"Message",Normal,"  Trwa ładowanie eksportów z plików lib..."
"Message",Normal,"      Odczytano eksporty (2875) z „C:\Program Files (x86)\Windows Kits\10\lib\10.0.15063.0\um\x86\WindowsApp.lib”."
"Message",Normal,"      Odczytano eksporty (237) z „C:\Program Files (x86)\Windows Kits\10\lib\10.0.15063.0\um\x86\winsqlite3.lib”."
"Message",High,"  Trwa ładowanie 60 modułów..."
"Message",Normal,"          P/Invoke 'RhWaitForPendingFinalizers' with [DllImport(ExactSpelling=true)] resolved to '[MRT]!RhWaitForPendingFinalizers'."
"Message",Normal,"          P/Invoke 'RhYield' with [DllImport(ExactSpelling=true)] resolved to '[MRT]!RhYield'."
"Message",Normal,"          P/Invoke 'RhCompatibleReentrantWaitAny' with [DllImport(ExactSpelling=true)] resolved to '[MRT]!RhCompatibleReentrantWaitAny'."
"Message",Normal,"          P/Invoke '_ecvt_s' with [DllImport(ExactSpelling=true)] resolved to '[MRT]!_ecvt_s'."
"Message",Normal,"          P/Invoke 'memmove' with [DllImport(ExactSpelling=true)] resolved to '[MRT]!memmove'."
"Message",Normal,"          P/Invoke 'CallingConventionConverter_GetStubs' with [DllImport(ExactSpelling=true)] resolved to '*!CallingConventionConverter_GetStubs'."
"Message",Normal,"          P/Invoke 'GetLastError' resolved to 'api-ms-win-core-errorhandling-l1-1-1.dll!GetLastError' from 'C:\Program Files (x86)\Windows Kits\10\lib\10.0.15063.0\um\x86\WindowsApp.lib'."
"Message",Normal,"          P/Invoke 'RoInitialize' resolved to 'api-ms-win-core-winrt-l1-1-0.dll!RoInitialize' from 'C:\Program Files (x86)\Windows Kits\10\lib\10.0.15063.0\um\x86\WindowsApp.lib'."
"Message",Normal,"          P/Invoke 'IsValidLocaleName' resolved to 'api-ms-win-core-localization-l1-2-1.dll!IsValidLocaleName' from 'C:\Program Files (x86)\Windows Kits\10\lib\10.0.15063.0\um\x86\WindowsApp.lib'."
"Message",Normal,"          P/Invoke 'ResolveLocaleName' resolved to 'api-ms-win-core-localization-l1-2-1.dll!ResolveLocaleName' from 'C:\Program Files (x86)\Windows Kits\10\lib\10.0.15063.0\um\x86\WindowsApp.lib'."
"Message",Normal,"          P/Invoke 'GetCPInfoExW' resolved to 'api-ms-win-core-localization-l1-2-1.dll!GetCPInfoExW' from 'C:\Program Files (x86)\Windows Kits\10\lib\10.0.15063.0\um\x86\WindowsApp.lib'."
"Message",Normal,"          P/Invoke 'CoCreateInstance' with [DllImport(ExactSpelling=true)] resolved to 'api-ms-win-core-com-l1-1-0.dll!CoCreateInstance'."
"Message",Normal,"          P/Invoke '#6' resolved to 'oleaut32.dll!#6' from 'C:\Program Files (x86)\Windows Kits\10\lib\10.0.15063.0\um\x86\WindowsApp.lib'."
"Message",Normal,"          P/Invoke 'CreateDirectoryW' resolved to 'api-ms-win-core-file-l1-2-1.dll!CreateDirectoryW' from 'C:\Program Files (x86)\Windows Kits\10\lib\10.0.15063.0\um\x86\WindowsApp.lib'."
"Message",Normal,"          P/Invoke 'GetFileType' resolved to 'api-ms-win-core-file-l1-2-1.dll!GetFileType' from 'C:\Program Files (x86)\Windows Kits\10\lib\10.0.15063.0\um\x86\WindowsApp.lib'."
"Message",Normal,"          P/Invoke 'GetFileInformationByHandleEx' resolved to 'api-ms-win-core-file-l2-1-1.dll!GetFileInformationByHandleEx' from 'C:\Program Files (x86)\Windows Kits\10\lib\10.0.15063.0\um\x86\WindowsApp.lib'."
"Message",Normal,"          P/Invoke 'FindFirstFileExW' resolved to 'api-ms-win-core-file-l1-2-1.dll!FindFirstFileExW' from 'C:\Program Files (x86)\Windows Kits\10\lib\10.0.15063.0\um\x86\WindowsApp.lib'."
"Message",Normal,"          P/Invoke 'GetFileAttributesExW' resolved to 'api-ms-win-core-file-l1-2-1.dll!GetFileAttributesExW' from 'C:\Program Files (x86)\Windows Kits\10\lib\10.0.15063.0\um\x86\WindowsApp.lib'."
"Message",Normal,"          P/Invoke 'CreateThreadpoolIo' resolved to 'api-ms-win-core-threadpool-l1-2-0.dll!CreateThreadpoolIo' from 'C:\Program Files (x86)\Windows Kits\10\lib\10.0.15063.0\um\x86\WindowsApp.lib'."
"Message",Normal,"          P/Invoke 'SetFilePointerEx' resolved to 'api-ms-win-core-file-l1-2-1.dll!SetFilePointerEx' from 'C:\Program Files (x86)\Windows Kits\10\lib\10.0.15063.0\um\x86\WindowsApp.lib'."
"Message",Normal,"          P/Invoke 'SetEndOfFile' resolved to 'api-ms-win-core-file-l1-2-1.dll!SetEndOfFile' from 'C:\Program Files (x86)\Windows Kits\10\lib\10.0.15063.0\um\x86\WindowsApp.lib'."
"Message",Normal,"          P/Invoke 'CreateFile2' resolved to 'api-ms-win-core-file-l1-2-1.dll!CreateFile2' from 'C:\Program Files (x86)\Windows Kits\10\lib\10.0.15063.0\um\x86\WindowsApp.lib'."
"Message",Normal,"          P/Invoke 'CloseHandle' resolved to 'api-ms-win-core-handle-l1-1-0.dll!CloseHandle' from 'C:\Program Files (x86)\Windows Kits\10\lib\10.0.15063.0\um\x86\WindowsApp.lib'."
"Message",Normal,"          P/Invoke 'FindClose' resolved to 'api-ms-win-core-file-l1-2-1.dll!FindClose' from 'C:\Program Files (x86)\Windows Kits\10\lib\10.0.15063.0\um\x86\WindowsApp.lib'."
"Message",Normal,"          P/Invoke 'CloseThreadpoolIo' resolved to 'api-ms-win-core-threadpool-l1-2-0.dll!CloseThreadpoolIo' from 'C:\Program Files (x86)\Windows Kits\10\lib\10.0.15063.0\um\x86\WindowsApp.lib'."
"Message",Normal,"          P/Invoke 'ReadFile' resolved to 'api-ms-win-core-file-l1-2-1.dll!ReadFile' from 'C:\Program Files (x86)\Windows Kits\10\lib\10.0.15063.0\um\x86\WindowsApp.lib'."
"Message",Normal,"          P/Invoke 'ReadFile' resolved to 'api-ms-win-core-file-l1-2-1.dll!ReadFile' from 'C:\Program Files (x86)\Windows Kits\10\lib\10.0.15063.0\um\x86\WindowsApp.lib'."
"Message",Normal,"          P/Invoke 'WriteFile' resolved to 'api-ms-win-core-file-l1-2-1.dll!WriteFile' from 'C:\Program Files (x86)\Windows Kits\10\lib\10.0.15063.0\um\x86\WindowsApp.lib'."
"Message",Normal,"          P/Invoke 'WriteFile' resolved to 'api-ms-win-core-file-l1-2-1.dll!WriteFile' from 'C:\Program Files (x86)\Windows Kits\10\lib\10.0.15063.0\um\x86\WindowsApp.lib'."
"Message",Normal,"          P/Invoke 'StartThreadpoolIo' resolved to 'api-ms-win-core-threadpool-l1-2-0.dll!StartThreadpoolIo' from 'C:\Program Files (x86)\Windows Kits\10\lib\10.0.15063.0\um\x86\WindowsApp.lib'."
"Message",Normal,"          P/Invoke 'CancelThreadpoolIo' resolved to 'api-ms-win-core-threadpool-l1-2-0.dll!CancelThreadpoolIo' from 'C:\Program Files (x86)\Windows Kits\10\lib\10.0.15063.0\um\x86\WindowsApp.lib'."
"Message",Normal,"          P/Invoke 'CancelIoEx' resolved to 'api-ms-win-core-io-l1-1-1.dll!CancelIoEx' from 'C:\Program Files (x86)\Windows Kits\10\lib\10.0.15063.0\um\x86\WindowsApp.lib'."
"Message",Normal,"          P/Invoke 'FormatMessageW' resolved to 'api-ms-win-core-localization-l1-2-1.dll!FormatMessageW' from 'C:\Program Files (x86)\Windows Kits\10\lib\10.0.15063.0\um\x86\WindowsApp.lib'."
"Message",Normal,"          P/Invoke 'FlushFileBuffers' resolved to 'api-ms-win-core-file-l1-2-1.dll!FlushFileBuffers' from 'C:\Program Files (x86)\Windows Kits\10\lib\10.0.15063.0\um\x86\WindowsApp.lib'."
"Message",Normal,"          P/Invoke 'RoGetBufferMarshaler' resolved to 'api-ms-win-core-winrt-robuffer-l1-1-0.dll!RoGetBufferMarshaler' from 'C:\Program Files (x86)\Windows Kits\10\lib\10.0.15063.0\um\x86\WindowsApp.lib'."
"Message",High,"  Trwa generowanie kodu..."
"Message",High,"  Wygenerowano kod międzyoperacyjny."
"Message",Normal,"  Zapisano kod w lokalizacji AssemblyInfo.g.cs"
"Message",Normal,"  Zapisano kod w lokalizacji Adapters.g.cs"
"Message",Normal,"  Zapisano kod w lokalizacji Data.g.cs"
"Message",Normal,"  Zapisano kod w lokalizacji Helpers.g.cs"
"Message",Normal,"  Zapisano kod w lokalizacji ImplTypes.g.cs"
"Message",Normal,"  Zapisano kod w lokalizacji PInvoke.g.cs"
"Message",Normal,"  Zapisano kod w lokalizacji SafeTypes.g.cs"
"Message",Normal,"  Zapisano kod w lokalizacji SharedStubs.g.cs"
"Message",Normal,"Running 'GenerateCodeAndCompile' transform, heap at 134 MB."
"Message",High,"Generating serialization code"
"Message",High,"Compiling interop code"
"Message",Normal,"Compiling generated source code: C:\Program Files (x86)\Microsoft SDKs\UWPNuGetPackages\microsoft.net.native.compiler\1.7.6\tools\x86\ilc\csc\csc.exe /noconfig @""H:\Visual Studio Projects\BMICalculator\BMICalculator\obj\x86\Release\ilc\intermediate\BMICalculator.McgInterop.rsp"""
"Message",High,"Generating System.Reflection.DispatchProxy proxy code."
"Message",Normal,"Running 'DumpNativeResources' transform, heap at 134 MB."
"Message",Normal,"Running 'ReducedCopyInitialize' transform, heap at 134 MB."
"Message",Normal,"Running 'ReducedCopyEmptyTypes' transform, heap at 154 MB."
"Message",Normal,"Running 'ReducedCopyPopulateTypes' transform, heap at 156 MB."
"Message",Normal,"Running 'ReducedCopyLateMetadata' transform, heap at 166 MB."
"Message",Normal,"Running 'ReducedCopyMethodBodies' transform, heap at 175 MB."
"Message",Normal,"Running 'ReducedCopyComplete' transform, heap at 191 MB."
"Message",Normal,"Running 'ReducedCopyCleanup' transform, heap at 127 MB."
"Message",Normal,"Running 'DeveloperExperienceModeOnlyCodeRemover' transform, heap at 29 MB."
"Message",Normal,"Running 'ComImportDetector' transform, heap at 34 MB."
"Message",Normal,"Running 'McgAccessor' transform, heap at 34 MB."
"Message",Normal,"Running 'McgRedirect' transform, heap at 35 MB."
"Message",Normal,"Running 'McgRedirect' transform, heap at 37 MB."
"Message",Normal,"Running 'McgTypeOf' transform, heap at 37 MB."
"Message",Normal,"Running 'ExceptionMiniaturizer' transform, heap at 40 MB."
"Message",Normal,"Running 'EventSource' transform, heap at 46 MB."
"Message",Normal,"Running 'ValueType' transform, heap at 47 MB."
"Message",Normal,"Running 'Attribute' transform, heap at 47 MB."
"Message",Normal,"Running 'GetType' transform, heap at 47 MB."
"Message",Normal,"Running 'McgFixups' transform, heap at 47 MB."
"Message",Normal,"Running 'ResourceManagerCtor' transform, heap at 47 MB."
"Message",Normal,"Running 'TypeofTypeHandle' transform, heap at 47 MB."
"Message",Normal,"Running 'DispatchProxyIntrinsics' transform, heap at 50 MB."
"Message",Normal,"Running 'StaticInitData' transform, heap at 50 MB."
"Message",Normal,"Running 'StartupCodeInjector' transform, heap at 55 MB."
"Message",Normal,"Running 'InjectAppContextSwitches' transform, heap at 55 MB."
"Message",Normal,"Running 'ImplementLibraryDynamicInvokeHelpers' transform, heap at 55 MB."
"Message",Normal,"Running 'Delegate' transform, heap at 55 MB."
"Message",Normal,"Running 'DelegateCtorCall' transform, heap at 59 MB."
"Message",Normal,"Running 'LazyGenerics' transform, heap at 60 MB."
"Message",Normal,"Running 'AddReflectionBlockedAttributes' transform, heap at 66 MB."
"Message",Normal,"Running 'DisableOptimization' transform, heap at 66 MB."
"Message",Normal,"Running 'CreateMetadata' transform, heap at 66 MB."
"Message",Normal,"Running 'SaveRVAStatics' transform, heap at 72 MB."
"Message",Normal,"Running 'ReflectionInvoke' transform, heap at 72 MB."
"Message",Normal,"Running 'ScrubOpenCalls' transform, heap at 73 MB."
"Message",Normal,"Running 'ConvertCatchIntoFilter' transform, heap at 73 MB."
"Message",Normal,"Running 'ReflectionMappingInfoEmit' transform, heap at 73 MB."
"Message",Normal,"Running 'ConvertManagedWinMD' transform, heap at 73 MB."
"Message",Normal,"Running 'Reducer' transform, heap at 73 MB."
"Message",High,"Cleaning up unreferenced code"
"Message",Normal,"Running 'WriteAssemblies' transform, heap at 108 MB."
"Message",Normal,""
"Message",Normal,"Transform summary"
"Message",Normal,"    ms | heap delta | name"
"Message",Normal,"  4081 |          0 | GenerateCodeAndCompile"
"Message",Normal,"  3811 |        119 | Analysis"
"Message",Normal,"  1786 |         27 | WriteAssemblies"
"Message",Normal,"   939 |        -23 | Mcg"
"Message",Normal,"   457 |         20 | ReducedCopyInitialize"
"Message",Normal,"   374 |         35 | Reducer"
"Message",Normal,"   318 |        -64 | ReducedCopyComplete"
"Message",Normal,"   131 |          6 | CreateMetadata"
"Message",Normal,"   105 |         16 | ReducedCopyMethodBodies"
"Message",Normal,"   101 |         10 | ReducedCopyPopulateTypes"
"Message",Normal,"    69 |          9 | ReducedCopyLateMetadata"
"Message",Normal,"    63 |          5 | StaticInitData"
"Message",Normal,"    62 |        -98 | ReducedCopyCleanup"
"Message",Normal,"    52 |          2 | McgRedirect"
"Message",Normal,"    51 |          3 | McgTypeOf"
"Message",Normal,"    42 |          6 | LazyGenerics"
"Message",Normal,"    32 |          6 | ExceptionMiniaturizer"
"Message",Normal,"    25 |          4 | Delegate"
"Message",Normal,"    21 |          0 | McgRedirect"
"Message",Normal,"    20 |          3 | TypeofTypeHandle"
"Message",Normal,"    16 |          1 | McgAccessor"
"Message",Normal,"    12 |          1 | DelegateCtorCall"
"Message",Normal,"    10 |          2 | ReducedCopyEmptyTypes"
"Message",Normal,"    10 |          0 | SaveRVAStatics"
"Message",Normal,"     6 |          0 | McgFixups"
"Message",Normal,"     6 |          5 | DeveloperExperienceModeOnlyCodeRemover"
"Message",Normal,"     5 |          0 | DumpNativeResources"
"Message",Normal,"     4 |          0 | StartupCodeInjector"
"Message",Normal,"     3 |          0 | GetType"
"Message",Normal,"     3 |          0 | DispatchProxyIntrinsics"
"Message",Normal,"     2 |          0 | ScrubOpenCalls"
"Message",Normal,"     1 |          0 | ReflectionMappingInfoEmit"
"Message",Normal,"     1 |          0 | ConvertCatchIntoFilter"
"Message",Normal,"     1 |          1 | ReflectionInvoke"
"Message",Normal,"     1 |          0 | ValueType"
"Message",Normal,"     1 |          0 | Attribute"
"Message",Normal,"     0 |          0 | ComImportDetector"
"Message",Normal,"     0 |          0 | ResourceManagerCtor"
"Message",Normal,"     0 |          0 | ConvertManagedWinMD"
"Message",Normal,"     0 |          0 | AddReflectionBlockedAttributes"
"Message",Normal,"     0 |          0 | ImplementLibraryDynamicInvokeHelpers"
"Message",Normal,"     0 |          0 | DisableOptimization"
"Message",Normal,"     0 |          1 | EventSource"
"Message",Normal,"     0 |          0 | InjectAppContextSwitches"
"Message",Low,"Zakończono wykonywanie zadania „RunILTransforms”."
"Message",Low,"Zakończono kompilowanie celu „RunILTransforms” w pliku „ILTransforms”."
"Message",Low,"Zakończono kompilowanie projektu „ILTransforms”."
"Message",Low,""
"Message",Low,""
"Message",Low,"Zakończono kompilowanie celu „GenerateMDIL” w pliku „Nutc”."
"Message",Low,""
"Message",High,"Generowanie kodu natywnego"
"Message",Low,"Zakończono kompilowanie celu „MDILPrepareMultiFile” w pliku „Nutc”."
"Message",Low,""
"Message",Low,"Zakończono kompilowanie celu „SetBinaryForReferences” w pliku „Nutc”."
"Message",Low,""
"Message",Low,"Zadanie „GenerateMDILGlobalAnalysis”"
"Message",Normal,"Launching 'C:\Program Files (x86)\Microsoft SDKs\UWPNuGetPackages\microsoft.net.native.compiler\1.7.6\tools\x86\ilc\Tools\nutc_driver.exe @""H:\Visual Studio Projects\BMICalculator\BMICalculator\obj\x86\Release\ilc\intermediate\MDIL\BMICalculator.rsp""'"
"Message",Low,"Microsoft (R) MDIL Compiler - Version 1.7.27420.00"
"Message",Low,"Copyright (c) Microsoft Corporation.  All rights reserved."
"Message",Low,"Skanowanie typów wejściowych"
"Message",Low,"Skanowanie metod: 783."
"Message",Low,"Skanowanie metod: 827."
"Message",Low,"Skanowanie metod: 198."
"Message",Low,"Skanowanie metod: 84."
"Message",Low,"Skanowanie metod: 1146."
"Message",Low,"Skanowanie metod: 863."
"Message",Low,"Skanowanie metod: 428."
"Message",Low,"Skanowanie metod: 402."
"Message",Low,"Skanowanie metod: 187."
"Message",Low,"Skanowanie metod: 102."
"Message",Low,"Skanowanie metod: 124."
"Message",Low,"Skanowanie metod: 71."
"Message",Low,"Skanowanie metod: 43."
"Message",Low,"Skanowanie metod: 75."
"Message",Low,"Skanowanie metod: 85."
"Message",Low,"Skanowanie metod: 117."
"Message",Low,"Skanowanie metod: 71."
"Message",Low,"Skanowanie metod: 44."
"Message",Low,"Skanowanie metod: 4."
"Message",Low,"Wczesne generowanie kodu"
"Message",Low,"Kompilowanie metod: 5654."
"Message",Low,"Odłożone generowanie kodu"
"Message",Low,"„H:\Visual Studio Projects\BMICalculator\BMICalculator\obj\x86\Release\ilc\intermediate\MDIL\BMICalculator.mdilexe” — generowanie zakończone pomyślnie"
"Message",Low,"„H:\Visual Studio Projects\BMICalculator\BMICalculator\obj\x86\Release\ilc\intermediate\MDIL\BMICalculator.mdilpdb” — generowanie zakończone pomyślnie"
"Message",Normal,"'C:\Program Files (x86)\Microsoft SDKs\UWPNuGetPackages\microsoft.net.native.compiler\1.7.6\tools\x86\ilc\Tools\nutc_driver.exe @""H:\Visual Studio Projects\BMICalculator\BMICalculator\obj\x86\Release\ilc\intermediate\MDIL\BMICalculator.rsp""' completed."
"Message",Normal,"Process execution statistics (all times in milliseconds)"
"Message",Normal,"-----------------------------------------------------------------------------"
"Message",Normal,"launch  |  start   |   stop   |   end    | duration | lifetime | [slot] name"
"Message",Normal,"-----------------------------------------------------------------------------"
"Message",Normal,"       0 |        0 |     3610 |     3610 |     3610 |     3610 | [0] Nutc GlobalAnalysis"
"Message",Normal,"Number of commands:      1"
"Message",Normal,"Total system time:       3610 ms"
"Message",Normal,"System time per command: 3610 ms"
"Message",Normal,"Total duration:          3610 ms"
"Message",Normal,"Total lifetime:          3610 ms"
"Message",Normal,"Requested DOP:           4"
"Message",Normal,"Duration DOP:            1,0"
"Message",Normal,"Lifetime DOP:            1,0"
"Message",Low,"Zakończono wykonywanie zadania „GenerateMDILGlobalAnalysis”."
"Message",Low,"Zakończono kompilowanie celu „GenerateMDILGlobalAnalysis” w pliku „Nutc”."
"Message",Low,""
"Message",Low,"Zadanie „rc”"
"Message",Normal,"Launching 'C:\Program Files (x86)\Windows Kits\10\bin\10.0.15063.0\x64\rc.exe /c ""65001"" /r /fo ""H:\Visual Studio Projects\BMICalculator\BMICalculator\obj\x86\Release\ilc\intermediate\BuildInfo\BuildInfo.res"" ""H:\Visual Studio Projects\BMICalculator\BMICalculator\obj\x86\Release\ilc\intermediate\BuildInfo\BuildInfo.rc""'"
"Message",Low,"Microsoft (R) Windows (R) Resource Compiler Version 10.0.10011.16384"
"Message",Low,"Copyright (C) Microsoft Corporation.  All rights reserved."
"Message",Normal,"'C:\Program Files (x86)\Windows Kits\10\bin\10.0.15063.0\x64\rc.exe /c ""65001"" /r /fo ""H:\Visual Studio Projects\BMICalculator\BMICalculator\obj\x86\Release\ilc\intermediate\BuildInfo\BuildInfo.res"" ""H:\Visual Studio Projects\BMICalculator\BMICalculator\obj\x86\Release\ilc\intermediate\BuildInfo\BuildInfo.rc""' completed."
"Message",Normal,"Process execution statistics (all times in milliseconds)"
"Message",Normal,"-----------------------------------------------------------------------------"
"Message",Normal,"launch  |  start   |   stop   |   end    | duration | lifetime | [slot] name"
"Message",Normal,"-----------------------------------------------------------------------------"
"Message",Normal,"       0 |        0 |       47 |       47 |       47 |       47 | [0] rc"
"Message",Normal,"Number of commands:      1"
"Message",Normal,"Total system time:       47 ms"
"Message",Normal,"System time per command: 47 ms"
"Message",Normal,"Total duration:          47 ms"
"Message",Normal,"Total lifetime:          47 ms"
"Message",Normal,"Requested DOP:           4"
"Message",Normal,"Duration DOP:            1,0"
"Message",Normal,"Lifetime DOP:            1,0"
"Message",Low,"Zakończono wykonywanie zadania „rc”."
"Message",Low,"Zadanie „ResourceBinaryConcatenate”"
"Message",Normal,"Concatenating into 'H:\Visual Studio Projects\BMICalculator\BMICalculator\obj\x86\Release\ilc\intermediate\Native.res' with alignment '4'."
"Message",Normal," Added 'H:\Visual Studio Projects\BMICalculator\BMICalculator\obj\x86\Release\ilc\intermediate\ILTransformed\BMICalculator.res' at offset 0."
"Message",Normal," Added 'H:\Visual Studio Projects\BMICalculator\BMICalculator\obj\x86\Release\ilc\intermediate\BuildInfo\BuildInfo.res' at offset 1416."
"Message",Low,"Zakończono wykonywanie zadania „ResourceBinaryConcatenate”."
"Message",Low,"Zakończono kompilowanie celu „GenerateBuildInfo” w pliku „Nutc”."
"Message",Low,"Zakończono kompilowanie projektu „Nutc”."
"Message",Low,""
"Message",Low,""
"Message",Low,"Zakończono kompilowanie celu „MDILBindPrepare” w pliku „Binder”."
"Message",Low,""
"Message",High,"Generowanie napraw dla kodu natywnego"
"Message",Low,"Zadanie „MDILBind”"
"Message",Normal,"Launching 'C:\Program Files (x86)\Microsoft SDKs\UWPNuGetPackages\microsoft.net.native.compiler\1.7.6\tools\x86\ilc\Tools\rhbind.exe @""H:\Visual Studio Projects\BMICalculator\BMICalculator\obj\x86\Release\ilc\intermediate\rhbindargs.BMICalculator.rsp""'"
"Message",Low,"WERSJA SYSTEMU OPERACYJNEGO: główna: 6  pomocnicza: 2"
"Message",Low,"MDIL: H:\Visual Studio Projects\BMICalculator\BMICalculator\obj\x86\Release\ilc\intermediate\MDIL\BMICalculator.mdilexe"
"Message",Low,"MDILPDB: H:\Visual Studio Projects\BMICalculator\BMICalculator\obj\x86\Release\ilc\intermediate\MDIL\BMICalculator.mdilpdb"
"Message",Low,"IL: H:\Visual Studio Projects\BMICalculator\BMICalculator\obj\x86\Release\ilc\intermediate\MDIL\BMICalculator.ilexe"
"Message",Low,"NI: H:\Visual Studio Projects\BMICalculator\BMICalculator\obj\x86\Release\ilc\intermediate\Native\BMICalculator.dll"
"Message",Low,"SHIM: H:\Visual Studio Projects\BMICalculator\BMICalculator\obj\x86\Release\ilc\intermediate\Native\BMICalculator.exe"
"Message",Low,"REDHAWK_RUNTIME_DLL_NAME_A=mrt100_app.dll"
"Message",Low,"Plik pdb: H:\Visual Studio Projects\BMICalculator\BMICalculator\obj\x86\Release\ilc\intermediate\Native\BMICalculator.pdb"
"Message",Low,"Utworzono H:\Visual Studio Projects\BMICalculator\BMICalculator\obj\x86\Release\ilc\intermediate\Native\BMICalculator.dll w czasie 0.324 s"
"Message",Normal,"'C:\Program Files (x86)\Microsoft SDKs\UWPNuGetPackages\microsoft.net.native.compiler\1.7.6\tools\x86\ilc\Tools\rhbind.exe @""H:\Visual Studio Projects\BMICalculator\BMICalculator\obj\x86\Release\ilc\intermediate\rhbindargs.BMICalculator.rsp""' completed."
"Message",Normal,"Process execution statistics (all times in milliseconds)"
"Message",Normal,"-----------------------------------------------------------------------------"
"Message",Normal,"launch  |  start   |   stop   |   end    | duration | lifetime | [slot] name"
"Message",Normal,"-----------------------------------------------------------------------------"
"Message",Normal,"       0 |       15 |      390 |      390 |      375 |      390 | [0] rhbind BMICalculator"
"Message",Normal,"Number of commands:      1"
"Message",Normal,"Total system time:       390 ms"
"Message",Normal,"System time per command: 390 ms"
"Message",Normal,"Total duration:          375 ms"
"Message",Normal,"Total lifetime:          390 ms"
"Message",Normal,"Requested DOP:           4"
"Message",Normal,"Duration DOP:            1,0"
"Message",Normal,"Lifetime DOP:            1,0"
"Message",Low,"Zakończono wykonywanie zadania „MDILBind”."
"Message",Low,"Zakończono kompilowanie celu „MDILBind” w pliku „Binder”."
"Message",Low,"Zakończono kompilowanie projektu „Binder”."
"Message",Low,""
"Message",Low,""
"Message",Low,"Zakończono kompilowanie celu „CopyNativeExecutablesToOutput” w pliku „Deployment”."
"Message",Low,""
"Message",Low,"Zadanie „TransformAppxManifest”"
"Message",Low,"Zakończono wykonywanie zadania „TransformAppxManifest”."
"Message",Low,"Zakończono kompilowanie celu „TransformAppxManifestAndAddCrt” w pliku „Deployment”."
"Message",Low,""
"Message",Low,"Zakończono kompilowanie celu „CopyPackageResourceFileInRetailBuild” w pliku „Deployment”."
"Message",Low,"Zakończono kompilowanie projektu „Deployment”."
"Message",Low,"Kompilacja została zakończona"
